{
   "programmas":[
      {
         "activityId":130,
         "opmerking":true,
         "opmerking_nl":"Opmerking: Duur & aanvangsuur van het programma kan aangepast worden aan de wensen van de klant!",
         "opmerking_fr":"Opmerking: Duur & aanvangsuur van het programma kan aangepast worden aan de wensen van de klant!",
         "opmerking_eng":"Opmerking: Duur & aanvangsuur van het programma kan aangepast worden aan de wensen van de klant!",
               
         "subProgrammas":[
            {
               "header_nl":"Programma",
               "header_fr":"Programme",
               "header_eng":"Program",
               "activiteiten":[
                  {
                     "titel_nl":"Ontvangst met koffie",
                     "titel_fr":"Ontvangst met koffie",
                     "titel_en":"Ontvangst met koffie",
                     "tijdstip":"13:00",
                     "info":false,
                     "info_nl":"",
                     "info_fr":"",
                     "info_en":""
                  },
                  {
                     "titel_nl":"Uitleg en briefing GPS-Adventure",
                     "titel_fr":"Uitleg en briefing GPS-Adventure",
                     "titel_en":"Uitleg en briefing GPS-Adventure",
                     "tijdstip":"13:15",
                     "info":false,
                     "info_nl":"",
                     "info_fr":"",
                     "info_en":""
                  },
                  {
                     "titel_nl":"Start van de GPS-Adventure",
                     "titel_fr":"Start van de GPS-Adventure",
                     "titel_en":"Start van de GPS-Adventure",
                     "tijdstip":"13:30",
                     "info":true,
                     "info_nl":"Strijd op het scherpst van de snede, met oa GPS-oriëntatie, challenge parcours, boogschieten, High Ropes, fotoopdrachten, bedrijfsspecifieke cases.",
                     "info_fr":"Strijd op het scherpst van de snede, met oa GPS-oriëntatie, challenge parcours, boogschieten, High Ropes, fotoopdrachten, bedrijfsspecifieke cases.",
                     "info_en":"Strijd op het scherpst van de snede, met oa GPS-oriëntatie, challenge parcours, boogschieten, High Ropes, fotoopdrachten, bedrijfsspecifieke cases."
                  },
                  {
                     "titel_nl":"Einde – mogelijkheid tot douchen",
                     "titel_fr":"Einde – mogelijkheid tot douchen",
                     "titel_en":"Einde – mogelijkheid tot douchen",
                     "tijdstip":"17:30",
                     "info":false,
                     "info_nl":"",
                     "info_fr":"",
                     "info_en":""
                  },

                  {
                     "titel_nl":"Prijsuitreiking",
                     "titel_fr":"Prijsuitreiking",
                     "titel_en":"Prijsuitreiking",
                     "tijdstip":"18:00",
                     "info":false,
                     "info_nl":"",
                     "info_fr":"",
                     "info_en":""
                  }
               ]
            }
         ]
      },
      {
         "activityId":94,
         
         "subProgrammas":[
            {
               "header_nl":"Programma",
               "header_fr":"Programme",
               "header_eng":"Program",
               "activiteiten":[
                  {
                     "titel_nl":"Start fietstocht",
                     "titel_fr":"Start fietstocht",
                     "titel_en":"Start fietstocht",
                     "tijdstip":"13:00",
                     "info":false,
                     "info_nl":"",
                     "info_fr":"",
                     "info_en":""
                  },
                  {
                     "titel_nl":"Bezoek hoppeveld + brouwerij + degustatie",
                     "titel_fr":"Bezoek hoppeveld + brouwerij + degustatie",
                     "titel_en":"Bezoek hoppeveld + brouwerij + degustatie",
                     "tijdstip":"14:00",
                     "info":false,
                     "info_nl":"",
                     "info_fr":"",
                     "info_en":""
                  },
                  {
                     "titel_nl":"Fietstocht naar wijngaard en wijnboer",
                     "titel_fr":"Fietstocht naar wijngaard en wijnboer",
                     "titel_en":"Fietstocht naar wijngaard en wijnboer",
                     "tijdstip":"15:00",
                     "info":true,
                     "info_nl":"",
                     "info_fr":"",
                     "info_en":""
                  },
                  {
                     "titel_nl":"Bezoek wijngaard, wijnboer en degustatie",
                     "titel_fr":"Bezoek wijngaard, wijnboer en degustatie",
                     "titel_en":"Bezoek wijngaard, wijnboer en degustatie",
                     "tijdstip":"16:00",
                     "info":true,
                     "info_nl":"",
                     "info_fr":"",
                     "info_en":""
                  },
                  {
                     "titel_nl":"Vertrek naar startplaats",
                     "titel_fr":"Vertrek naar startplaats",
                     "titel_en":"Vertrek naar startplaats",
                     "tijdstip":"17:30",
                     "info":false,
                     "info_nl":"",
                     "info_fr":"",
                     "info_en":""
                  },

                  {
                     "titel_nl":"Einde fietstocht + eventueel douchen",
                     "titel_fr":"Einde fietstocht + eventueel douchen",
                     "titel_en":"Einde fietstocht + eventueel douchen",
                     "tijdstip":"18:30",
                     "info":false,
                     "info_nl":"",
                     "info_fr":"",
                     "info_en":""
                  }
               ]
            }
         ]
      },
      {
         "activityId":126,
         
         "subProgrammas":[
            {
               "header_nl":"Programma",
               "header_fr":"Programme",
               "header_eng":"Program",
               "activiteiten":[
                  {
                     "titel_nl":"Aperitief & hapjes – Pacific Eiland",
                     "titel_fr":"Aperitief & hapjes – Pacific Eiland",
                     "titel_en":"Aperitief & hapjes – Pacific Eiland",
                     "tijdstip":"17:30 à 18:30",
                     "info":true,
                     "info_nl":"In ‘het Eilandje’ serveren we een typische ‘picon’, een aperitief dat in de Westhoek zeer gesmaakt wordt. We voorzien ‘Bernard Massard’ en fruitsap als alternatief voor wie liever geen picon drinkt.",
                     "info_fr":"In ‘het Eilandje’ serveren we een typische ‘picon’, een aperitief dat in de Westhoek zeer gesmaakt wordt. We voorzien ‘Bernard Massard’ en fruitsap als alternatief voor wie liever geen picon drinkt.",
                     "info_en":"In ‘het Eilandje’ serveren we een typische ‘picon’, een aperitief dat in de Westhoek zeer gesmaakt wordt. We voorzien ‘Bernard Massard’ en fruitsap als alternatief voor wie liever geen picon drinkt."
                  },
                  {
                     "titel_nl":"Wandeling met gids naar de Menenpoort",
                     "titel_fr":"Wandeling met gids naar de Menenpoort",
                     "titel_en":"Wandeling met gids naar de Menenpoort",
                     "tijdstip":":18:30 à 19:45",
                     "info":false,
                     "info_nl":"",
                     "info_fr":"",
                     "info_en":""
                  },
                  {
                     "titel_nl":"Bijwonen Last Post",
                     "titel_fr":"Bijwonen Last Post",
                     "titel_en":"Bijwonen Last Post",
                     "tijdstip":"19:45 à 20:15",
                     "info":false,
                     "info_nl":"",
                     "info_fr":"",
                     "info_en":""
                  },
                  {
                     "titel_nl":"Wandeling met gids via Ieperse Vestingen naar restaurant Découverte",
                     "titel_fr":"Wandeling met gids via Ieperse Vestingen naar restaurant Découverte",
                     "titel_en":"Wandeling met gids via Ieperse Vestingen naar restaurant Découverte",
                     "tijdstip":"20:15 à 20:30",
                     "info":true,
                     "info_nl":"",
                     "info_fr":"",
                     "info_en":""
                  },
                  {
                     "titel_nl":"Diner in Restaurant Découverte",
                     "titel_fr":"Diner in Restaurant Découverte",
                     "titel_en":"Diner in Restaurant Découverte",
                     "tijdstip":"20:30 à 22:15",
                     "info":true,
                     "info_nl":"Voorgerecht + hoofdgerecht in een gezellig culinair restaurantje waarbij de nadruk vooral ligt op terroirproducten uit onder andere de Noordzee, de Westhoek en Noord-Frankrijk.",
                     "info_fr":"Voorgerecht + hoofdgerecht in een gezellig culinair restaurantje waarbij de nadruk vooral ligt op terroirproducten uit onder andere de Noordzee, de Westhoek en Noord-Frankrijk.",
                     "info_en":"Voorgerecht + hoofdgerecht in een gezellig culinair restaurantje waarbij de nadruk vooral ligt op terroirproducten uit onder andere de Noordzee, de Westhoek en Noord-Frankrijk."
                  },

                  {
                     "titel_nl":"Wandeling naar Marktcafé Les Halles",
                     "titel_fr":"Wandeling naar Marktcafé Les Halles",
                     "titel_en":"Wandeling naar Marktcafé Les Halles",
                     "tijdstip":"20:30 à 22:15",
                     "info":false,
                     "info_nl":"",
                     "info_fr":"",
                     "info_en":""
                  },
                  {
                     "titel_nl":"Dessert + Afsluitende drink in Marktcafé Les Halles",
                     "titel_fr":"Dessert + Afsluitende drink in Marktcafé Les Halles",
                     "titel_en":"Dessert + Afsluitende drink in Marktcafé Les Halles",
                     "tijdstip":"22:30 à 00:00",
                     "info":true,
                     "info_nl":"Dessertbordje met een drietal dessertjes + koffie in een authentieke ongedwongen café sfeer op de Grote Markt van Ieper",
                     "info_fr":"Dessertbordje met een drietal dessertjes + koffie in een authentieke ongedwongen café sfeer op de Grote Markt van Ieper",
                     "info_en":"Dessertbordje met een drietal dessertjes + koffie in een authentieke ongedwongen café sfeer op de Grote Markt van Ieper"
                  }
               ]
            }
         ]
      },
      {
         "activityId":137,
         
         "subProgrammas":[
            {
               "header_nl":"Programma",
               "header_fr":"Programme",
               "header_eng":"Program",
               "activiteiten":[
                  {
                     "titel_nl":"Aankomst en briefing",
                     "titel_fr":"Aankomst en briefing",
                     "titel_en":"Aankomst en briefing",
                     "tijdstip":"13:30",
                     "info":false
                    },
                  {
                     "titel_nl":"Karting",
                     "titel_fr":"Karting",
                     "titel_en":"Karting",
                     "tijdstip":"13:50",
                     "info":true,
                     "info_nl":"Na een korte briefing word je er op het racecircuit toegelaten. Gedurende de heat wordt er gestreden om de beste rondetijd neer te zetten. Na de race krijgen alle piloten een overzicht van de computergeregistreerde tijden en ronden.",
                     "info_fr":"Na een korte briefing word je er op het racecircuit toegelaten. Gedurende de heat wordt er gestreden om de beste rondetijd neer te zetten. Na de race krijgen alle piloten een overzicht van de computergeregistreerde tijden en ronden.",
                     "info_en":"Na een korte briefing word je er op het racecircuit toegelaten. Gedurende de heat wordt er gestreden om de beste rondetijd neer te zetten. Na de race krijgen alle piloten een overzicht van de computergeregistreerde tijden en ronden."
                  },
                  {
                     "titel_nl":"Verplaatsing naar het Outside Adventure Park",
                     "titel_fr":"Verplaatsing naar het Outside Adventure Park",
                     "titel_en":"Verplaatsing naar het Outside Adventure Park",
                     "tijdstip":"14:20",
                     "info":true,
                     "info_nl":" (Westouterseweg 3, 8970 Poperinge)",
                     "info_fr":" (Westouterseweg 3, 8970 Poperinge)",
                     "info_en":" (Westouterseweg 3, 8970 Poperinge)"
                  },
                  {
                     "titel_nl":"Miniquad",
                     "titel_fr":"Miniquad",
                     "titel_en":"Miniquad",
                     "tijdstip":"14:30",
                     "info":true,
                     "info_nl":"De modder vliegt je om de oren en de fun kan niet meer op. Gas geven, remmen, door de bochten schuren en slippen, het hoort er allemaal bij! Dit alles maakt het rijden met miniquads een unieke en onvergetelijke ervaring.",
                     "info_fr":"De modder vliegt je om de oren en de fun kan niet meer op. Gas geven, remmen, door de bochten schuren en slippen, het hoort er allemaal bij! Dit alles maakt het rijden met miniquads een unieke en onvergetelijke ervaring.",
                     "info_en":"De modder vliegt je om de oren en de fun kan niet meer op. Gas geven, remmen, door de bochten schuren en slippen, het hoort er allemaal bij! Dit alles maakt het rijden met miniquads een unieke en onvergetelijke ervaring."
                  },
                  {
                     "titel_nl":"Quad",
                     "titel_fr":"Quad",
                     "titel_en":"Quad",
                     "tijdstip":"15:15",
                     "info":true,
                     "info_nl":"Na dit spectaculaire opwarmertje gaan we over tot het zwaardere werk: quadrijdne met de Yamaha’s 350cc. Het uitdagende parcours zit vol avontuurlijke stroken en scherpe verraderlijke bochten. Recht blijven is de boodschap!.",
                     "info_fr":"Na dit spectaculaire opwarmertje gaan we over tot het zwaardere werk: quadrijdne met de Yamaha’s 350cc. Het uitdagende parcours zit vol avontuurlijke stroken en scherpe verraderlijke bochten. Recht blijven is de boodschap!.",
                     "info_en":"Na dit spectaculaire opwarmertje gaan we over tot het zwaardere werk: quadrijdne met de Yamaha’s 350cc. Het uitdagende parcours zit vol avontuurlijke stroken en scherpe verraderlijke bochten. Recht blijven is de boodschap!."
                  },

                  {
                     "titel_nl":"Einde van de activiteiten",
                     "titel_fr":"Einde van de activiteiten",
                     "titel_en":"Einde van de activiteiten",
                     "tijdstip":"16:00",
                     "info":false,
                     "info_nl":"",
                     "info_fr":"",
                     "info_en":""
                  }
               ]
            }
         ]
      },
      {
         "activityId":190,
         
         "subProgrammas":[
            {
               "header_nl":"Programma",
               "header_fr":"Programme",
               "header_eng":"Program",
               "activiteiten":[
                  {
                     "titel_nl":"Aankomst en briefing programma",
                     "titel_fr":"Aankomst en briefing programma",
                     "titel_en":"Aankomst en briefing programma",
                     "tijdstip":"09:00",
                     "info":false
                    },
                  {
                     "titel_nl":"GPS-tocht",
                     "titel_fr":"GPS-tocht",
                     "titel_en":"GPS-tocht",
                     "tijdstip":"09:15",
                     "info":true,
                     "info_nl":"Gewapend met de nieuwste GPS’en zoeken de deelnemers, verdeeld in verscheidene teams, hun weg door het schitterende Heuvelland. Deze teams dienen onderweg verschillende foto-opdrachten op te lossen om uiteindelijk uit te komen aan…",
                     "info_fr":"Gewapend met de nieuwste GPS’en zoeken de deelnemers, verdeeld in verscheidene teams, hun weg door het schitterende Heuvelland. Deze teams dienen onderweg verschillende foto-opdrachten op te lossen om uiteindelijk uit te komen aan…",
                     "info_en":"Gewapend met de nieuwste GPS’en zoeken de deelnemers, verdeeld in verscheidene teams, hun weg door het schitterende Heuvelland. Deze teams dienen onderweg verschillende foto-opdrachten op te lossen om uiteindelijk uit te komen aan…"
                  },
                  {
                     "titel_nl":"Avonturenparcours",
                     "titel_fr":"Avonturenparcours",
                     "titel_en":"Avonturenparcours",
                     "tijdstip":"10:30",
                     "info":true,
                     "info_nl":"Tussen de diverse bomen van verschillende hoogtes hebben wij touwbanen en andere verplaatsingenmogelijkheden gemaakt. Gezekerd aan een ‘life-line’ overbruggen we overspanningen van 20 à 30 meter lengte op een hoogte van 4 tot 6 meter: apenbrug, junglebrug, catcrawl… De begeleider leert u de juiste technieken aan en zorgt voor de beveiliging",
                     "info_fr":"Tussen de diverse bomen van verschillende hoogtes hebben wij touwbanen en andere verplaatsingenmogelijkheden gemaakt. Gezekerd aan een ‘life-line’ overbruggen we overspanningen van 20 à 30 meter lengte op een hoogte van 4 tot 6 meter: apenbrug, junglebrug, catcrawl… De begeleider leert u de juiste technieken aan en zorgt voor de beveiliging",
                     "info_en":"Tussen de diverse bomen van verschillende hoogtes hebben wij touwbanen en andere verplaatsingenmogelijkheden gemaakt. Gezekerd aan een ‘life-line’ overbruggen we overspanningen van 20 à 30 meter lengte op een hoogte van 4 tot 6 meter: apenbrug, junglebrug, catcrawl… De begeleider leert u de juiste technieken aan en zorgt voor de beveiliging"
                  },
                  {
                     "titel_nl":"Luchpauze",
                     "titel_fr":"Luchpauze",
                     "titel_en":"Luchpauze",
                     "tijdstip":"12:30",
                     "info":false
                     },
                  {
                     "titel_nl":"Mountainbike",
                     "titel_fr":"Mountainbike",
                     "titel_en":"Mountainbike",
                     "tijdstip":"13:30",
                     "info":true,
                     "info_nl":"Langs smalle paadjes, steile afdalingen en prachtige boswegels komt u met de mountainbike op de mooiste plekjes van de streek. Ook voor wie het iets rustiger wilt zijn er tal van prachtige mountainbikeroutes. Onze begeleider brengt u langs prachtige veldweggetjes naar de mooiste plaatsjes van Heuvelland.",
                     "info_fr":"Langs smalle paadjes, steile afdalingen en prachtige boswegels komt u met de mountainbike op de mooiste plekjes van de streek. Ook voor wie het iets rustiger wilt zijn er tal van prachtige mountainbikeroutes. Onze begeleider brengt u langs prachtige veldweggetjes naar de mooiste plaatsjes van Heuvelland.",
                     "info_en":"Langs smalle paadjes, steile afdalingen en prachtige boswegels komt u met de mountainbike op de mooiste plekjes van de streek. Ook voor wie het iets rustiger wilt zijn er tal van prachtige mountainbikeroutes. Onze begeleider brengt u langs prachtige veldweggetjes naar de mooiste plaatsjes van Heuvelland."
                  },

                  {
                     "titel_nl":"Quad",
                     "titel_fr":"Quad",
                     "titel_en":"Quad",
                     "tijdstip":"14:30",
                     "info":true,
                     "info_nl":"een ultieme sensatie. Na een korte briefing kun je op een afgesloten parcour crossen. De quads hebben automatische versnellingen zodanig dat je enkel hoeft gas te geven en te sturen. Een echte aanrader",
                     "info_fr":"een ultieme sensatie. Na een korte briefing kun je op een afgesloten parcour crossen. De quads hebben automatische versnellingen zodanig dat je enkel hoeft gas te geven en te sturen. Een echte aanrader",
                     "info_en":"een ultieme sensatie. Na een korte briefing kun je op een afgesloten parcour crossen. De quads hebben automatische versnellingen zodanig dat je enkel hoeft gas te geven en te sturen. Een echte aanrader"
                  },
                  {
                     "titel_nl":"Terugtocht met de mountainbike",
                     "titel_fr":"Terugtocht met de mountainbike",
                     "titel_en":"Terugtocht met de mountainbike",
                     "tijdstip":"16:00",
                     "info":false,
                     "info_nl":"",
                     "info_fr":"",
                     "info_en":""
                  },
                  {
                     "titel_nl":"Einde van de activiteiten",
                     "titel_fr":"Einde van de activiteiten",
                     "titel_en":"Einde van de activiteiten",
                     "tijdstip":"17:00",
                     "info":false,
                     "info_nl":"",
                     "info_fr":"",
                     "info_en":""
                  }
               ]
            }
         ]
      },
      {
         "activityId":194,
         
         "subProgrammas":[
            {
               "header_nl":"Programma",
               "header_fr":"Programme",
               "header_eng":"Program",
               "activiteiten":[
                  {
                     "titel_nl":"Initiatie in het kanovaren",
                     "titel_fr":"Initiatie in het kanovaren",
                     "titel_en":"Initiatie in het kanovaren",
                     "tijdstip":"10:00",
                     "info":false
                    },
                  {
                     "titel_nl":"Start van de kanotocht",
                     "titel_fr":"Start van de kanotocht",
                     "titel_en":"Start van de kanotocht",
                     "tijdstip":"10:30",
                     "info":false,
                     "info_nl":"Gewapend met de nieuwste GPS’en zoeken de deelnemers, verdeeld in verscheidene teams, hun weg door het schitterende Heuvelland. Deze teams dienen onderweg verschillende foto-opdrachten op te lossen om uiteindelijk uit te komen aan…",
                     "info_fr":"Gewapend met de nieuwste GPS’en zoeken de deelnemers, verdeeld in verscheidene teams, hun weg door het schitterende Heuvelland. Deze teams dienen onderweg verschillende foto-opdrachten op te lossen om uiteindelijk uit te komen aan…",
                     "info_en":"Gewapend met de nieuwste GPS’en zoeken de deelnemers, verdeeld in verscheidene teams, hun weg door het schitterende Heuvelland. Deze teams dienen onderweg verschillende foto-opdrachten op te lossen om uiteindelijk uit te komen aan…"
                  },
                  {
                     "titel_nl":"Halte met aperitief",
                     "titel_fr":"Halte met aperitief",
                     "titel_en":"Halte met aperitief",
                     "tijdstip":"12:00",
                     "info":true,
                     "info_nl":"Breughelbuffet naar hartelust, twee drankjes tijdens de maaltijd, dessert en koffie",
                     "info_fr":"Breughelbuffet naar hartelust, twee drankjes tijdens de maaltijd, dessert en koffie",
                     "info_en":"Breughelbuffet naar hartelust, twee drankjes tijdens de maaltijd, dessert en koffie"
                  },
                  {
                     "titel_nl":"2e traject naar het gehucht Fintele",
                     "titel_fr":"2e traject naar het gehucht Fintele",
                     "titel_en":"2e traject naar het gehucht Fintele",
                     "tijdstip":"14:00",
                     "info":false
                     },
                  {
                     "titel_nl":"aankomst in Fintele",
                     "titel_fr":"aankomst in Fintele",
                     "titel_en":"aankomst in Fintele",
                     "tijdstip":"16:00",
                     "info":true,
                     "info_nl":"Degustatie van lokaal huisbier",
                     "info_fr":"Degustatie van lokaal huisbier",
                     "info_en":"Degustatie van lokaal huisbier"
                  },

                  {
                     "titel_nl":"Einde",
                     "titel_fr":"Einde",
                     "titel_en":"Einde",
                     "tijdstip":"17:00",
                     "info":false,
                     "info_nl":"Een ultieme sensatie. Na een korte briefing kun je op een afgesloten parcour crossen. De quads hebben automatische versnellingen zodanig dat je enkel hoeft gas te geven en te sturen. Een echte aanrader",
                     "info_fr":"Een ultieme sensatie. Na een korte briefing kun je op een afgesloten parcour crossen. De quads hebben automatische versnellingen zodanig dat je enkel hoeft gas te geven en te sturen. Een echte aanrader",
                     "info_en":"Een ultieme sensatie. Na een korte briefing kun je op een afgesloten parcour crossen. De quads hebben automatische versnellingen zodanig dat je enkel hoeft gas te geven en te sturen. Een echte aanrader"
                  }
               ]
            }
         ]
      },
      {
         "activityId":204,
         
         "subProgrammas":[
            {
               "header_nl":"Programma",
               "header_fr":"Programme",
               "header_eng":"Program",
               "activiteiten":[
                  {
                     "titel_nl":"Aankomst & briefing",
                     "titel_fr":"Aankomst & briefing",
                     "titel_en":"Aankomst & briefing",
                     "tijdstip":"09:00",
                     "info":false
                    },
                  {
                     "titel_nl":"Kano",
                     "titel_fr":"Kano",
                     "titel_en":"Kano",
                     "tijdstip":"09:30",
                     "info":true,
                     "info_nl":"Kanovaren door de prachtige vallei van de Ijzer. Na een gedegen uitleg over de techniek van het kanovaren, de route en de veiligheidsaspecten kunt u in een drie – of vierpersoons Canadese kano’s aan uw tocht beginnen voor een schitterend traject.",
                     "info_fr":"Kanovaren door de prachtige vallei van de Ijzer. Na een gedegen uitleg over de techniek van het kanovaren, de route en de veiligheidsaspecten kunt u in een drie – of vierpersoons Canadese kano’s aan uw tocht beginnen voor een schitterend traject.",
                     "info_en":"Kanovaren door de prachtige vallei van de Ijzer. Na een gedegen uitleg over de techniek van het kanovaren, de route en de veiligheidsaspecten kunt u in een drie – of vierpersoons Canadese kano’s aan uw tocht beginnen voor een schitterend traject."
                  },
                  {
                     "titel_nl":"Lunchpauze in het Outside Adventure park",
                     "titel_fr":"Lunchpauze in het Outside Adventure park",
                     "titel_en":"Lunchpauze in het Outside Adventure park",
                     "tijdstip":"12:00",
                     "info":false
                     
                     },
                  {
                     "titel_nl":"Quad",
                     "titel_fr":"Quad",
                     "titel_en":"Quad",
                     "tijdstip":"13:30",
                     "info":true,
                     "info_nl":"Een ultieme sensatie. Na een korte briefing kun je op een afgesloten parcour crossen. De quads hebben automatische versnellingen zodanig dat je enkel hoeft gas te geven en te sturen. Een echte aanrader!",
                     "info_fr":"Een ultieme sensatie. Na een korte briefing kun je op een afgesloten parcour crossen. De quads hebben automatische versnellingen zodanig dat je enkel hoeft gas te geven en te sturen. Een echte aanrader!",
                     "info_en":"Een ultieme sensatie. Na een korte briefing kun je op een afgesloten parcour crossen. De quads hebben automatische versnellingen zodanig dat je enkel hoeft gas te geven en te sturen. Een echte aanrader!"
                  
                     },
                  {
                     "titel_nl":"Verplaatsing naar ons Outdoor Park op de Rodeberg",
                     "titel_fr":"Verplaatsing naar ons Outdoor Park op de Rodeberg",
                     "titel_en":"Verplaatsing naar ons Outdoor Park op de Rodeberg",
                     "tijdstip":"15:00",
                     "info":false,
                     "info_nl":"",
                     "info_fr":"",
                     "info_en":""
                  },

                  {
                     "titel_nl":"Avonturen",
                     "titel_fr":"Avonturen",
                     "titel_en":"Avonturen",
                     "tijdstip":"15:10",
                     "info":true,
                     "info_nl":"Tussen de diverse bomen van verschillende hoogtes hebben wij touwbanen en andere verplaatsingenmogelijkheden gemaakt. Gezekerd aan een ‘life-line’ overbruggen we overspanningen van 20 à 30 meter lengte op een hoogte van 4 tot 6 meter: apenbrug, junglebrug, catcrawl… De begeleider leert u de juiste technieken aan en zorgt voor de beveiliging.",
                     "info_fr":"Tussen de diverse bomen van verschillende hoogtes hebben wij touwbanen en andere verplaatsingenmogelijkheden gemaakt. Gezekerd aan een ‘life-line’ overbruggen we overspanningen van 20 à 30 meter lengte op een hoogte van 4 tot 6 meter: apenbrug, junglebrug, catcrawl… De begeleider leert u de juiste technieken aan en zorgt voor de beveiliging.",
                     "info_en":"Tussen de diverse bomen van verschillende hoogtes hebben wij touwbanen en andere verplaatsingenmogelijkheden gemaakt. Gezekerd aan een ‘life-line’ overbruggen we overspanningen van 20 à 30 meter lengte op een hoogte van 4 tot 6 meter: apenbrug, junglebrug, catcrawl… De begeleider leert u de juiste technieken aan en zorgt voor de beveiliging."
                  },
                  {
                     "titel_nl":"Einde van de activiteiten",
                     "titel_fr":"Einde van de activiteiten",
                     "titel_en":"Einde van de activiteiten",
                     "tijdstip":"17:00",
                     "info":false
                  }
               ]
            }
         ]
      },
      {
         "activityId":207,
         
         "subProgrammas":[
            {
               "header_nl":"Programma",
               "header_fr":"Programme",
               "header_eng":"Program",
               "activiteiten":[
                  {
                     "titel_nl":"Verzamelen in ‘De Neerplaats",
                     "titel_fr":"Verzamelen in ‘De Neerplaats",
                     "titel_en":"Verzamelen in ‘De Neerplaats",
                     "tijdstip":"13:00",
                     "info":true,
                     "info_nl":" Poperingestraat 32, 8954 Westouter",
                     "info_fr":" Poperingestraat 32, 8954 Westouter",
                     "info_en":" Poperingestraat 32, 8954 Westouter"
                  
                    },
                  {
                     "titel_nl":"Start “De jacht is open!!!",
                     "titel_fr":"Start “De jacht is open!!!",
                     "titel_en":"Start “De jacht is open!!!",
                     "tijdstip":"13:15",
                     "info":false
                     },
                  {
                     "titel_nl":"Aperitief met hapjes",
                     "titel_fr":"Aperitief met hapjes",
                     "titel_en":"Aperitief met hapjes",
                     "tijdstip":"17:00",
                     "info":false
                     
                     },
                  {
                     "titel_nl":"Dinner royale + koffie",
                     "titel_fr":"Dinner royale + koffie",
                     "titel_en":"Dinner royale + koffie",
                     "tijdstip":"18:00",
                     "info":false
                     
                     },
                  {
                     "titel_nl":"Einde",
                     "titel_fr":"Einde",
                     "titel_en":"Einde",
                     "tijdstip":"21:00",
                     "info":false,
                     "info_nl":"",
                     "info_fr":"",
                     "info_en":""
                  }
               ]
            }
         ]
      },
      {
         "activityId":210,
         
         "subProgrammas":[
            {
               "header_nl":"Programma",
               "header_fr":"Programme",
               "header_eng":"Program",
               "activiteiten":[
                  {
                     "titel_nl":"Aankomst en briefing",
                     "titel_fr":"Aankomst en briefing",
                     "titel_en":"Aankomst en briefing",
                     "tijdstip":"09:00",
                     "info":false,
                     "info_nl":"",
                     "info_fr":"",
                     "info_en":""
                  
                    },
                  {
                     "titel_nl":"GPS-tocht",
                     "titel_fr":"GPS-tocht",
                     "titel_en":"GPS-tocht",
                     "tijdstip":"09:15",
                     "info":true,
                     "info_nl":"Gewapend met de nieuwste GPS’en zoeken de deelnemers, verdeeld in verscheidene teams, hun weg door het schitterende Heuvelland. Deze teams dienen onderweg verschillende foto-opdrachten op te lossen om uiteindelijk uit te komen aan…",
                     "info_fr":"Gewapend met de nieuwste GPS’en zoeken de deelnemers, verdeeld in verscheidene teams, hun weg door het schitterende Heuvelland. Deze teams dienen onderweg verschillende foto-opdrachten op te lossen om uiteindelijk uit te komen aan…",
                     "info_en":"Gewapend met de nieuwste GPS’en zoeken de deelnemers, verdeeld in verscheidene teams, hun weg door het schitterende Heuvelland. Deze teams dienen onderweg verschillende foto-opdrachten op te lossen om uiteindelijk uit te komen aan…"
                     },
                  {
                     "titel_nl":"Avonturenparcours",
                     "titel_fr":"Avonturenparcours",
                     "titel_en":"Avonturenparcours",
                     "tijdstip":"10:30",
                     "info":true,
                     "info_nl":"Tussen de diverse bomen van verschillende hoogtes hebben wij touwbanen en andere verplaatsingenmogelijkheden gemaakt. Gezekerd aan een ‘life-line’ overbruggen we overspanningen van 20 à 30 meter lengte op een hoogte van 4 tot 6 meter: apenbrug, junglebrug, catcrawl… De begeleider leert u de juiste technieken aan en zorgt voor de beveiliging",
                     "info_fr":"Tussen de diverse bomen van verschillende hoogtes hebben wij touwbanen en andere verplaatsingenmogelijkheden gemaakt. Gezekerd aan een ‘life-line’ overbruggen we overspanningen van 20 à 30 meter lengte op een hoogte van 4 tot 6 meter: apenbrug, junglebrug, catcrawl… De begeleider leert u de juiste technieken aan en zorgt voor de beveiliging",
                     "info_en":"Tussen de diverse bomen van verschillende hoogtes hebben wij touwbanen en andere verplaatsingenmogelijkheden gemaakt. Gezekerd aan een ‘life-line’ overbruggen we overspanningen van 20 à 30 meter lengte op een hoogte van 4 tot 6 meter: apenbrug, junglebrug, catcrawl… De begeleider leert u de juiste technieken aan en zorgt voor de beveiliging"
                     
                     
                     },
                  {
                     "titel_nl":"Lunchpauze",
                     "titel_fr":"Lunchpauze",
                     "titel_en":"Lunchpauze",
                     "tijdstip":"12:30",
                     "info":false
                     
                     },
                     {
                     "titel_nl":"Paintball",
                     "titel_fr":"Paintball",
                     "titel_en":"Paintball",
                     "tijdstip":"13:30",
                     "info":true,
                     "info_nl":"Hou je van een dag vol actie en spanning? Dan is paintball echt iets voor jou. Paintball is de ideale activiteit voor een spannende daguitstap, teambuilding,… of zelfs voor een geslaagd vrijgezellenfeest. Het leuke aan de sport is dat het door iedereen kan worden beoefend ongeacht sekse en leeftijd. Grootte en kracht zijn niet van belang , wat telt is tactiek , samenwerking en sportiviteit.",
                     "info_fr":"Hou je van een dag vol actie en spanning? Dan is paintball echt iets voor jou. Paintball is de ideale activiteit voor een spannende daguitstap, teambuilding,… of zelfs voor een geslaagd vrijgezellenfeest. Het leuke aan de sport is dat het door iedereen kan worden beoefend ongeacht sekse en leeftijd. Grootte en kracht zijn niet van belang , wat telt is tactiek , samenwerking en sportiviteit.",
                     "info_en":"Hou je van een dag vol actie en spanning? Dan is paintball echt iets voor jou. Paintball is de ideale activiteit voor een spannende daguitstap, teambuilding,… of zelfs voor een geslaagd vrijgezellenfeest. Het leuke aan de sport is dat het door iedereen kan worden beoefend ongeacht sekse en leeftijd. Grootte en kracht zijn niet van belang , wat telt is tactiek , samenwerking en sportiviteit."
                  },
                  {
                     "titel_nl":"Einde van de activiteiten",
                     "titel_fr":"Einde van de activiteiten",
                     "titel_en":"Einde van de activiteiten",
                     "tijdstip":"16:30",
                     "info":false,
                     "info_nl":"",
                     "info_fr":"",
                     "info_en":""
                  }
               ]
            }
         ]
      },
      {
         "activityId":207,
         
         "subProgrammas":[
            {
               "header_nl":"Programma",
               "header_fr":"Programme",
               "header_eng":"Program",
               "activiteiten":[
                  {
                     "titel_nl":"Verzamelen in ‘De Neerplaats",
                     "titel_fr":"Verzamelen in ‘De Neerplaats",
                     "titel_en":"Verzamelen in ‘De Neerplaats",
                     "tijdstip":"13:00",
                     "info":true,
                     "info_nl":" Poperingestraat 32, 8954 Westouter",
                     "info_fr":" Poperingestraat 32, 8954 Westouter",
                     "info_en":" Poperingestraat 32, 8954 Westouter"
                  
                    },
                  {
                     "titel_nl":"Start “De jacht is open!!!",
                     "titel_fr":"Start “De jacht is open!!!",
                     "titel_en":"Start “De jacht is open!!!",
                     "tijdstip":"13:15",
                     "info":false
                     },
                  {
                     "titel_nl":"Aperitief met hapjes",
                     "titel_fr":"Aperitief met hapjes",
                     "titel_en":"Aperitief met hapjes",
                     "tijdstip":"17:00",
                     "info":false
                     
                     },
                  {
                     "titel_nl":"Dinner royale + koffie",
                     "titel_fr":"Dinner royale + koffie",
                     "titel_en":"Dinner royale + koffie",
                     "tijdstip":"18:00",
                     "info":false
                     
                     },
                  {
                     "titel_nl":"Einde",
                     "titel_fr":"Einde",
                     "titel_en":"Einde",
                     "tijdstip":"21:00",
                     "info":false,
                     "info_nl":"",
                     "info_fr":"",
                     "info_en":""
                  }
               ]
            }
         ]
      },
      {
         "activityId":222,
         
         "subProgrammas":[
            {
               "header_nl":"Zaterdag",
               "header_fr":"Programme",
               "header_eng":"Program",
               "activiteiten":[
                  {
                     "titel_nl":"Aankomst & installatie in de kamers/tipi’s",
                     "titel_fr":"Aankomst & installatie in de kamers/tipi’s",
                     "titel_en":"Aankomst & installatie in de kamers/tipi’s",
                     "tijdstip":"09:00",
                     "info":false,
                     "info_nl":"",
                     "info_fr":"",
                     "info_en":""
                  
                    },
                  {
                     "titel_nl":"Mountainbiketocht + Avonturenparcours",
                     "titel_fr":"Mountainbiketocht + Avonturenparcours",
                     "titel_en":"Mountainbiketocht + Avonturenparcours",
                     "tijdstip":"10:00 - 12:00",
                     "info":false,
                     "info_nl":"",
                     "info_fr":"",
                     "info_en":""
                     },
                  {
                     "titel_nl":"Lunchpauze",
                     "titel_fr":"Lunchpauze",
                     "titel_en":"Lunchpauze",
                     "tijdstip":"12:00 - 13:00",
                     "info":false,
                     "info_nl":"",
                     "info_fr":"",
                     "info_en":""
                     
                     
                     },
                  {
                     "titel_nl":"Quadrijden",
                     "titel_fr":"Quadrijden",
                     "titel_en":"Quadrijden",
                     "tijdstip":"13:30 - 15:00",
                     "info":false
                     
                     },
                     {
                     "titel_nl":"Wakeboarden",
                     "titel_fr":"Wakeboarden",
                     "titel_en":"Wakeboarden",
                     "tijdstip":"15:00 - 16:30",
                     "info":false
                     }

               ]
            },
            {
               "header_nl":"Zondag",
               "header_fr":"Programme",
               "header_eng":"Program",
               "activiteiten":[
                  {
                     "titel_nl":"Paintball",
                     "titel_fr":"Paintball",
                     "titel_en":"Paintball",
                     "tijdstip":"10:00 - 12:30",
                     "info":false,
                     "info_nl":"",
                     "info_fr":"",
                     "info_en":""
                  
                    }
                    ]
                 }
         ]
      },
      {
         "activityId":225,
         
         "subProgrammas":[
            {
               "header_nl":"Programma",
               "header_fr":"Programme",
               "header_eng":"Program",
               "activiteiten":[
                  {
                     "titel_nl":"Aankomst in’t Smokkelcafee en ontvangst met apero & hapjes",
                     "titel_fr":"Aankomst in’t Smokkelcafee en ontvangst met apero & hapjes",
                     "titel_en":"Aankomst in’t Smokkelcafee en ontvangst met apero & hapjes",
                     "tijdstip":"18:00",
                     "info":false,
                     "info_nl":"",
                     "info_fr":"",
                     "info_en":""
                  
                    },
                  {
                     "titel_nl":"Dinner royale",
                     "titel_fr":"Dinner royale",
                     "titel_en":"Dinner royale",
                     "tijdstip":"18:30",
                     "info":false,
                     "info_nl":"",
                     "info_fr":"",
                     "info_en":""
                     },
                  {
                     "titel_nl":"Uitleg & start smokkeltocht",
                     "titel_fr":"Uitleg & start smokkeltocht",
                     "titel_en":"Uitleg & start smokkeltocht",
                     "tijdstip":"20:00",
                     "info":false,
                     "info_nl":"",
                     "info_fr":"",
                     "info_en":""
                     
                     
                     },
                  {
                     "titel_nl":"Einde activiteit & prijsuitreiking",
                     "titel_fr":"Einde activiteit & prijsuitreiking",
                     "titel_en":"Einde activiteit & prijsuitreiking",
                     "tijdstip":"23:00",
                     "info":false
                     
                     },
                     {
                     "titel_nl":"Einde",
                     "titel_fr":"Einde",
                     "titel_en":"Einde",
                     "tijdstip":"23:30",
                     "info":false
                     }

               ]
            }
         ]
      },
      {
         "activityId":228,
         "opmerking":true,
         "opmerking_nl":"Opmerking: het stadsspel kan ook ’s avonds georganiseerd worden. De tijdsindeling kan volledig toegespitst worden op jullie wensen",
         
         "subProgrammas":[
            {
               "header_nl":"Programma",
               "header_fr":"Programme",
               "header_eng":"Program",
               "activiteiten":[
                  {
                     "titel_nl":"Ontvangst met koffie in een lokaal cafeetje",
                     "titel_fr":"Ontvangst met koffie in een lokaal cafeetje",
                     "titel_en":"Ontvangst met koffie in een lokaal cafeetje",
                     "tijdstip":"13:30",
                     "info":false,
                     "info_nl":"",
                     "info_fr":"",
                     "info_en":""
                  
                    },
                  {
                     "titel_nl":"Briefing + uitleg werking GPS",
                     "titel_fr":"Briefing + uitleg werking GPS",
                     "titel_en":"Briefing + uitleg werking GPS",
                     "tijdstip":"13:45",
                     "info":false,
                     "info_nl":"",
                     "info_fr":"",
                     "info_en":""
                     },
                  {
                     "titel_nl":"Start van de route",
                     "titel_fr":"Start van de route",
                     "titel_en":"Start van de route",
                     "tijdstip":"14:00",
                     "info":false,
                     "info_nl":"Strijd op het scherpst van de snede, met oa GPS-oriëntatie, teambuilding, karabijnschieten, katapult sjorren, raadsels & fotocases in teken van WO I.",
                     "info_fr":"Strijd op het scherpst van de snede, met oa GPS-oriëntatie, teambuilding, karabijnschieten, katapult sjorren, raadsels & fotocases in teken van WO I.",
                     "info_en":"Strijd op het scherpst van de snede, met oa GPS-oriëntatie, teambuilding, karabijnschieten, katapult sjorren, raadsels & fotocases in teken van WO I."
                     
                     
                     },
                  {
                     "titel_nl":"Einde",
                     "titel_fr":"Einde",
                     "titel_en":"Einde",
                     "tijdstip":"16:30",
                     "info":false
                     
                     },
                     {
                     "titel_nl":"Prijsuitreiking",
                     "titel_fr":"Prijsuitreiking",
                     "titel_en":"Prijsuitreiking",
                     "tijdstip":"17:00",
                     "info":false
                     }

               ]
            }
         ]
      },
      {
         "activityId":246,
         
         "subProgrammas":[
            {
               "header_nl":"Programma Heuvelland",
               "header_fr":"Programme",
               "header_eng":"Program",
               "activiteiten":[
                  {
                     "titel_nl":"Ontvangst met koffie of Picon",
                     "titel_fr":"Ontvangst met koffie of Picon",
                     "titel_en":"Ontvangst met koffie of Picon",
                     "tijdstip":"14:00",
                     "info":true,
                     "info_nl":"Taverne Cordoba, Rodebergstraat 75, 8954 Westouter",
                     "info_fr":"Taverne Cordoba, Rodebergstraat 75, 8954 Westouter",
                     "info_en":"Taverne Cordoba, Rodebergstraat 75, 8954 Westouter"
                  
                    },
                  {
                     "titel_nl":"Indeling van de groep in teams en start van de competitie in oude volkssporten",
                     "titel_fr":"Indeling van de groep in teams en start van de competitie in oude volkssporten",
                     "titel_en":"Indeling van de groep in teams en start van de competitie in oude volkssporten",
                     "tijdstip":"14:15",
                     "info":true,
                     "info_nl":"Volkssporten zijn o.a. sjoelbak, tafel kegelen, trou madame, trekbiljart, hamertjesspel, blaasbiljart, de puddebak, …",
                     "info_fr":"Volkssporten zijn o.a. sjoelbak, tafel kegelen, trou madame, trekbiljart, hamertjesspel, blaasbiljart, de puddebak, …",
                     "info_en":"Volkssporten zijn o.a. sjoelbak, tafel kegelen, trou madame, trekbiljart, hamertjesspel, blaasbiljart, de puddebak, …"
                     },
                  {
                     "titel_nl":"Met de télésiège van de zwarteberg naar de Rodeberg",
                     "titel_fr":"Met de télésiège van de zwarteberg naar de Rodeberg",
                     "titel_en":"Met de télésiège van de zwarteberg naar de Rodeberg",
                     "tijdstip":"15:00",
                     "info":false,
                     "info_nl":"",
                     "info_fr":"",
                     "info_en":""
                     
                     
                     },
                  {
                     "titel_nl":"Wedstrijdje boogschieten + boswandeling naar manège",
                     "titel_fr":"Wedstrijdje boogschieten + boswandeling naar manège",
                     "titel_en":"Wedstrijdje boogschieten + boswandeling naar manège",
                     "tijdstip":"15:15",
                     "info":false,
                     "info_nl":"",
                     "info_fr":"",
                     "info_en":""
                     
                     },
                     {
                     "titel_nl":"Ringsteken te paard in de manège Rodeberg",
                     "titel_fr":"Ringsteken te paard in de manège Rodeberg",
                     "titel_en":"Ringsteken te paard in de manège Rodeberg",
                     "tijdstip":"16:30",
                     "info":false,
                     "info_nl":"",
                     "info_fr":"",
                     "info_en":""
                     },
                     {
                     "titel_nl":"Einde volksspelen en prijsuitreiking voor het winnende team",
                     "titel_fr":"Einde volksspelen en prijsuitreiking voor het winnende team",
                     "titel_en":"Einde volksspelen en prijsuitreiking voor het winnende team",
                     "tijdstip":"17:30",
                     "info":false,
                     "info_nl":"",
                     "info_fr":"",
                     "info_en":""
                     }

               ]
            },
            {
               "header_nl":"Programma Poperinge",
               "header_fr":"Programme",
               "header_eng":"Program",
               "activiteiten":[
                  {
                     "titel_nl":"Ontvangst in Outside Adventure Park",
                     "titel_fr":"Ontvangst in Outside Adventure Park",
                     "titel_en":"Ontvangst in Outside Adventure Park",
                     "tijdstip":"14:00",
                     "info":true,
                     "info_nl":"Westouterseweg 3, 8970 Poperinge + verplaatsing met bus/fiets lokaal cafeetje",
                     "info_fr":"Westouterseweg 3, 8970 Poperinge + verplaatsing met bus/fiets lokaal cafeetje",
                     "info_en":"Westouterseweg 3, 8970 Poperinge + verplaatsing met bus/fiets lokaal cafeetje"
                  
                    },
                  {
                     "titel_nl":"Ontvangst met picon",
                     "titel_fr":"Ontvangst met picon",
                     "titel_en":"Ontvangst met picon",
                     "tijdstip":"14:15",
                     "info":true,
                     "info_nl":"Indeling van de groep in teams en start van de competitie in oude volkssporten. Volkssporten zijn o.a. sjoelbak, tafel kegelen, pétanque, trou madame, tonspel, hamertjesspel, blaasbiljart, de puddebak, …",
                     "info_fr":"Indeling van de groep in teams en start van de competitie in oude volkssporten. Volkssporten zijn o.a. sjoelbak, tafel kegelen, pétanque, trou madame, tonspel, hamertjesspel, blaasbiljart, de puddebak, …",
                     "info_en":"Indeling van de groep in teams en start van de competitie in oude volkssporten. Volkssporten zijn o.a. sjoelbak, tafel kegelen, pétanque, trou madame, tonspel, hamertjesspel, blaasbiljart, de puddebak, …"
                     },
                  {
                     "titel_nl":"Met bus/fiets naar tweede lokaal cafeetje",
                     "titel_fr":"Met bus/fiets naar tweede lokaal cafeetje",
                     "titel_en":"Met bus/fiets naar tweede lokaal cafeetje",
                     "tijdstip":"15:15",
                     "info":true,
                     "info_nl":"Spel BOLTRA, het volksspel bij uitstek en degustatie van een streekbier",
                     "info_fr":"Spel BOLTRA, het volksspel bij uitstek en degustatie van een streekbier",
                     "info_en":"Spel BOLTRA, het volksspel bij uitstek en degustatie van een streekbier"
                     
                     
                     },
                  {
                     "titel_nl":"Wedstrijdje kruisboogschieten in het Adventure Park + degustatie hommelbier",
                     "titel_fr":"Wedstrijdje kruisboogschieten in het Adventure Park + degustatie hommelbier",
                     "titel_en":"Wedstrijdje kruisboogschieten in het Adventure Park + degustatie hommelbier",
                     "tijdstip":"16:30",
                     "info":false,
                     "info_nl":"",
                     "info_fr":"",
                     "info_en":""
                     
                     },
                     {
                     "titel_nl":"Einde volksspelen en prijsuitreiking voor het winnende team",
                     "titel_fr":"Einde volksspelen en prijsuitreiking voor het winnende team",
                     "titel_en":"Einde volksspelen en prijsuitreiking voor het winnende team",
                     "tijdstip":"17:30",
                     "info":false,
                     "info_nl":"",
                     "info_fr":"",
                     "info_en":""
                     }

               ]
            }
         ]
      }

   ]
}