{
   "wat_verwachten":[
      {
         "id":1,
         "name": "Template 1",
         "forActivities": [61,130,89,4,133,194,204,210,216,225,228,232,254],
         "startTemplate": 1,
         "info voor dev":"tocht met verchillende locaties"
         
      },

      {
         "id":2,
         "name": "Template 2",
         "forActivities": [14,2,169,137,213,348,897],
         "startTemplate": 1,
         "info voor dev":"1 locatie"
         
      },

      {
         "id":3,
         "name": "Activiteiten voor kinderen template",
         "info voor dev":"kinderen",
         "forActivities": [23],
         "customFields": true,
         "customFields_nl": ["Pannenkoeken en drankje na afloop","Deskundige instructeur die de veiligheid scherp in de gaten houd"],
         "customFields_fr": ["Pannenkoeken en drankje na afloop","Deskundige instructeur die de veiligheid scherp in de gaten houd"],
         "customFields_en": ["Pannenkoeken en drankje na afloop","Deskundige instructeur die de veiligheid scherp in de gaten houd"],
         "startTemplate": 2
         
      },

      {
         "id":4,
         "name": "Custom Bubbels",
         "info voor dev": "glaasje bubbels",
         "forActivities": [124],
         "customFields": true,
         "customFields_nl": ["Een glaasje bubbels of een andere consumptie"],
         "customFields_fr": ["Een glaasje bubbels of een andere consumptie"],
         "customFields_en": ["Een glaasje bubbels of een andere consumptie"],
         "startTemplate": 1
         
      },

      {
         "id":5,
         "name": "Custom Template 2",
         "info voor dev": "streekspec",
         "forActivities": [94,246],
         "customFields": true,
         "customFields_nl": ["Degustatie van verschillende streekspecialiteiten"],
         "customFields_fr": ["Degustatie van verschillende streekspecialiteiten"],
         "customFields_en": ["Degustatie van verschillende streekspecialiteiten"],
         "startTemplate": 1
         
      },

      {
         "id":6,
         "name": "Schotse templ",
         "info voor dev": "schots",
         "forActivities": [140],
         "customFields": true,
         "customFields_nl": ["Aanwezigheid doedelzakspeler die zorgt voor Schotse sfeermuziek"],
         "customFields_fr": ["Aanwezigheid doedelzakspeler die zorgt voor Schotse sfeermuziek"],
         "customFields_en": ["Aanwezigheid doedelzakspeler die zorgt voor Schotse sfeermuziek"],
         
         "startTemplate": 2
         
      },

      {
         "id":7,
         "name": "Apero",
         "info voor dev": "apero hapjes voorgerecht,hfd gerecht,etc",
         "forActivities": [126],
         "customFields": true,
         "customFields_nl": ["Aperitief, hapjes, voorgerecht, hoofdgerecht & dessert"],
         "customFields_fr": ["Aperitief, hapjes, voorgerecht, hoofdgerecht & dessert"],
         "customFields_en": ["Aperitief, hapjes, voorgerecht, hoofdgerecht & dessert"],
         
         "startTemplate": 1
         
      },
      {
         "id":8,
         "name": "Apero dinner royale",
         "info voor dev": "apero hapjes voorgerecht,hfd gerecht,etc",
         "forActivities": [207],
         "customFields": true,
         "customFields_nl": ["Aperitief, hapjes, volkspelen, dinner royale & koffie"],
         "customFields_fr": ["Aperitief, hapjes, volkspelen, dinner royale & koffie"],
         "customFields_en": ["Aperitief, hapjes, volkspelen, dinner royale & koffie"],
         
         "startTemplate": 1
         
      },
      {
         "id":9,
         "name": "vakantiehuis rodeberg",
         "info voor dev": "avonturenw",
         "forActivities": [222],
         "customFields": true,
         "customFields_nl": ["Verblijf in een vakantiehuis op de Rodeberg of in het Adventure Park te Poperinge"],
         "customFields_fr": ["Verblijf in een vakantiehuis op de Rodeberg of in het Adventure Park te Poperinge"],
         "customFields_en": ["Verblijf in een vakantiehuis op de Rodeberg of in het Adventure Park te Poperinge"],
         
         "startTemplate": 1
         
      },
      {
         "id":10,
         "name": "fiets terugrit bus",
         "info voor dev": "vlaamse velden",
         "forActivities": [243],
         "customFields": true,
         "customFields_nl": ["Gebruik van een fiets + terugrit met de bus"],
         "customFields_fr": ["Gebruik van een fiets + terugrit met de bus"],
         "customFields_en": ["Gebruik van een fiets + terugrit met de bus"],
         
         "startTemplate": 1
         
      },
      {
         "id":11,
         "name": "paintb",
         "info voor dev": "uitgerust met",
         "forActivities": [275],
         "customFields": false,
         
         "startTemplate": 4
         
      },
      {
         "id":12,
         "name": "wakeboarden",
         "info voor dev": "inbegrepen + benodigdh",
         "forActivities": [320],
         "customFields": false,
         
         "startTemplate": 5
         
      },
      {
         "id":13,
         "name": "laserbattle",
         "info voor dev": "uitgerust met",
         "forActivities": [329],
         "customFields": false,
         
         "startTemplate": 6
         
      }



   ]
}